{"text": " \u0dc0 \u0db8\u0dcf \u0db8\u0db7\u200d\u0db1\u0dca\u0daf\u0dd3 \u0dc0\u0dcf \u0db4\u0daa\u0dcf \u0db8\u0dd4 \u0dc0\u0dbb \u0dc3\u0db8 \u0dc4\u0da7 \u0d85\u0db4\u0dba \u0db4\u0da2\u0dcf \u0dc0\u0dbb \u0db8\u0dcf", "segments": [{"id": 0, "seek": 0, "start": 0.0, "end": 10.16, "text": " \u0dc0 \u0db8\u0dcf \u0db8\u0db7\u200d\u0db1\u0dca\u0daf\u0dd3 \u0dc0\u0dcf \u0db4\u0daa\u0dcf \u0db8\u0dd4 \u0dc0\u0dbb \u0dc3\u0db8 \u0dc4\u0da7 \u0d85\u0db4\u0dba \u0db4\u0da2\u0dcf \u0dc0\u0dbb \u0db8\u0dcf", "tokens": [50364, 220, 17811, 222, 35139, 116, 17811, 237, 35139, 116, 16204, 115, 913, 235, 16204, 109, 17811, 232, 16204, 107, 17811, 241, 220, 17811, 222, 17811, 237, 35139, 112, 16204, 103, 17811, 237, 35139, 116, 17811, 242, 220, 17811, 222, 16204, 119, 220, 17811, 225, 16204, 116, 220, 17811, 226, 16204, 100, 35139, 227, 16204, 112, 16204, 118, 35139, 112, 16204, 95, 17811, 237, 220, 17811, 222, 16204, 119, 35139, 116, 17811, 237, 50872], "temperature": 1.0, "avg_logprob": -1.8197308349609376, "compression_ratio": 1.3373493975903614, "no_speech_prob": 0.42316657304763794}], "language": "nn"}